Station Name,Rating,Number of Reviews
Paradeep Railway Station,3.7,347
Puri Railway Station,4.0,126
Sakhi Gopal Railway Station,4.0,87
Naupada Junction Railway Station,3.9,753
Kotabommali Railway Station,3.8,162
Palasa Railway Station,3.9,11060
Mandasa Road Railway Station,4.0,53
Chatrapur Railway Station,4.0,1890
Palur Railway Station,4.0,100
Sompeta Railway Station,3.9,1142
Adoni Railway Station,3.8,753
Kosigi Railway Station,3.8,207
Badarli Railway Station,4.0,909
Maddikera Railway Station,3.9,128
Guntakal Railway Station,4.1,4458
Guntakal Central Railway Station,4.2,569
Gooty Railway Station,4.0,226
Devinagara Railway Station,4.1,13167
Karatgi Railway Station,3.8,6
Daroji Railway Station,4.0,99
Chhatrapati Shivaji Terminus,4.5,91133
Churchgate Railway Station,4.3,36707
Goregaon Railway Station,4.2,25594
Lokmanya Tilak Terminus,3.9,26229
Thane Railway Station,4.1,24192
Kalyan Railway Station,3.7,25659
Mumbai Central Railway Station,4.2,18718
Vashi Railway Station,4.2,15800
CBD Belapur Railway Station,4.1,15382
Kurla Railway Station,3.8,15112
Sri Sathya Sai Prashanthi Nilayam,4.3,1376
Anantapur Railway Station,4.1,732
Rayadurg Railway Station,3.8,753
Penukonda Railway Station,4.1,237
Chennekotha Palli Railway Station,3.6,32
Makkajipalli Railway Station,3.5,19
Siri Railway Station,5.0,1
Chigicherla Railway Station,3.8,49
Dharmavaram Railway Station,4.0,8944
Tadipatri Railway Station,4.1,865
Chittoor Railway Station,4.0,3990
Kuppam Railway Station,3.8,1880
Pakala Railway Station,3.9,1379
Pileru Railway Station,4.0,519
Gudupalli Railway Station,3.8,311
Madanapalle Road Railway Station,4.0,178
Piler Railway Station,4.0,124
Siddampalli Railway Station,4.5,1
Katpadi Railway Station,4.1,3160
Vellore Railway Station,4.0,289
Eluru Railway Station,3.8,426
Nuzvid Railway Station,3.6,295
Kaikalur Railway Station,4.1,1043
Gannavaram Railway Station,3.4,121
Dosapadu Railway Station,3.4,169
Pedda Avutapale,3.3,39
Gudivada Railway Station,3.9,466
Akividu Railway Station,4.1,852
Tadepalligudem Railway Station,4.0,9646
Ramavarappadu Railway Station,4.1,798
Guntur Railway Station,4.1,54145
Bellamkonda Railway Station,4.0,454
New Guntur,3.3,526
Mangalagiri Railway Station,3.9,341
Nadukude Railway Station,4.0,324
Nidubrolu Railway Station,3.9,209
Vejendla Railway Station,4.2,130
Vemuru Railway Station,3.7,94
Siripuram Railway Station,4.1,82
New Guntur Railway Station,3.1,97
Kadapa Railway Station,4.0,5933
Razampeta Railway Station,3.6,592
Yerraguntla Junction Railway Station,3.9,1582
Proddatur Railway Station,4.0,484
Jammalamadugu Railway Station,4.1,75
Kadiri Railway Station,4.0,506
Venkatagiri Railway Station,4.0,80
Kakinada Town Railway Station,4.2,953
Kakinada Port Railway Station,4.0,485
Kakinada Port,4.0,457
Kovada Railway Station,3.0,1
Samarlakota Railway Station,4.0,1780
Pithapuram Railway Station,5.0,2
Bikkavolu,3.9,55
Durgada Gate Railway Station,4.4,28
Anaparthi Railway Station,4.0,51
Annavaram Railway Station,3.9,1835
Kurnool Railway Station,4.3,16980
Betamcherla Railway Station,3.7,235
Kotla Railway Station,3.8,91
Koilakuntla Railway Station,4.4,39
Nandyal Railway Station,3.7,33
Dupadu Railway Station,3.7,24
Panyam Railway Station,4.2,4
Dhone Railway Station,3.9,1562
Machilipatnam Railway Station,4.4,1609
Repalle Railway Station,4.1,2394
Rajahmundry Railway Station,3.9,1188
Rajahmundry East Railway Station,4.0,413
Kovvur Railway Station,3.7,590
Chagallu Railway Station,3.6,35
Nidadavolu Junction Railway Station,4.1,564
Tanuku Railway Station,3.8,3966
Srikakulam Road Railway Station,4.0,3087
Ichchapuram Railway Station,4.1,670
Tilaru Railway Station,3.6,109
Tekkali Halt Railway Station,3.5,60
Pathapatnam Railway Station,3.4,61
TATA Nagar Railway Station,4.0,111241
Tirupathi Railway Station,4.0,11303
Renigunta Railway Station,4.0,3168
Tiruchanur Railway Station,3.7,61
Renigunta Raiway Station,4.0,2
Srikalahasti Railway Station,3.7,3650
Vijayawada Railway Station,4.2,18820
Madhura Nagar Railway Station,3.5,66
Vijayawada North Cabin,3.9,38
Rayanpadu Railway Station,3.5,377
Kondapalli Railway Station,3.7,526
Duggirala Railway Station,3.7,56
Visakhapatnam Railway Station,4.1,73735
Borra Caves Railway Station,4.4,34235
East Coast Railway Station,4.4,15209
Duvvada Railway Station,3.8,7139
Yelamanchili Railway Station,3.9,565
Simhachalam Railway Station,4.1,495
Gopalapatnam Railway Station,3.8,297
Araku Railway Station,4.2,171
Pendurti Railway Station,3.8,163
Narsipatnam Road Railway Station,3.7,126
Vizianagaram Railway Station,4.2,15682
Chipurupalli Railway Station,4.2,1570
Bobbili Railway Station,3.9,304
Kothavalasa Railway Station,4.0,47
Salur Railway Station,3.4,53
Korukonda Railway Station,4.2,30
Santhapeta Railway Station,4.2,14
Gadwal Railway Station,3.9,1648
Gumto Railway Station,3.8,29
Itanagar Railway Station,5.0,1
Harmuti Junction,4.1,212
Vishwanath Charali Railway Station,4.0,18
Barua Bamungaon Railway Station,3.6,42
Niz Chatia Railway Station,4.0,2
Rowriah Sdg,3.4,25
Jorhat Town Railway Station,3.8,825
Dhalaibil Railway Station,3.9,33
Kamarbandha Ali Railway Station,4.2,65
Dibrugarh Town Railway Station,4.0,8145
Dhemaji Railway Station,3.8,906
Tinsukia Railway Station,4.0,40
Tinsukia Junction,4.2,1364
Bhojo Railway Station,3.0,1
Sapekhati Railway Station,3.8,154
Longpatia,4.0,21
New Tinsukia Railway Station,4.3,147
Makum Junction,4.1,74
Gogamukh Railway Stations,3.7,55
Guwahati Railway Station,4.0,16683
Kamakhya Junction,4.0,15049
Pandu Railway Station,3.8,47
Azara Railway Station,3.0,1
Panikhaiti Railway Station,3.0,1
Mirza Railway Station,3.7,160
Rangia Railway Station,3.8,6
Rangiya Railway Station,4.0,16651
Kamrup Khetri Railway Station,3.8,5
Ghograpar Railway Station,4.0,3
Mariani Jn,4.1,129
Furkating Junction,3.8,601
Barpathar Railway Station,3.8,371
Lanka Railway Station,3.8,3313
Haibargaon Railway Station,3.7,455
Chaparmukh Junction,4.0,331
Kampur Railway Station,3.9,156
Silghat Railway Station,4.0,130
Jakhalabandha Railway Station,3.2,29
Dagaon Railway Station,4.3,14
Senchowa Rail Station,3.3,14
Samaguri Railway Station,3.9,8
Tezpur Railway Station,4.1,17
Silchar Railway Station,3.8,2488
Aurnachal Railway Station,3.4,24
New Silchar Railway Station,5.0,1
Salchapra Railway Station,3.7,115
Ranigaon Railway Station,3.0,3
Panchgram Railway Station,3.7,103
Sreebar Railway Station,4.0,2
Badarpur Railway Station,3.9,6040
Hailakandi Railway Station,4.0,114
Rupsibari Railway Station,4.1,7
Doomdooma Railway Station,2.8,10
Barauni Junction,3.9,2837
Barauni Jn,3.7,685
Begu Sarai,4.1,187
Barauni Railway Station,4.0,126
Rajender Pul Railway Station,4.1,108
Sabdalpur Railway Station,4.1,83
Garhara Railway Station,3.5,80
Begusarai Railway Station,4.0,51
Umeshnagar Railway Station,3.6,47
Singhaul Halt Railway Station,3.5,41
Bettiah Railway Station,4.2,564
Sikta Railway Station,5.0,1
Narkatiaganj Railway Station,4.1,708
Harinagar Railway Station,4.0,81
Bagaha Railway Station,3.7,514
Sagauli Railway Station,3.8,1355
Tariasujan Railway Station,4.2,19
Tamkuhi Road Railway Station,3.9,696
Kangali Halt Railway Station,3.5,8
Semra Railway Station,4.1,49
Bhagalpur Railway Station,4.1,2741
Sabour Railway Station,3.8,1398
Kahalgaon Station,3.8,1219
Pirpainti Railway Station,3.7,1171
Thana Bihpur Junction,3.9,177
Lailakh Mamalkha Railway Station,3.4,5
Pasraha Railway Station,3.7,1111
Naugachia,3.5,4
Mahesh Khunt Railway Station,3.9,623
Bihar Sharif Railway Station,3.8,655
Pawapuri Road Railway Station,3.9,96
Sohsarai Railway Station,3.7,33
Dekpura Junction,3.8,16
Murhari Halt,3.6,24
Badhauna Halt Railway Station,3.9,4
Rajnagar Railway Station,3.6,168
Lachhubigha Halt Railway Station,3.9,29
Ekangarsarai Railway Station,3.7,151
Kusumbha Halt Railway Station,3.5,32
Chausa Railway Station,3.6,168
Buxar Railway Station,4.3,60
Bhojpur Railway Station,3.0,11
Karimuddinpur Railway Station,3.8,78
Tajpur Dehma Railway Station,3.9,131
Yusufpur Railway Station,5.0,1
Phephna Railway Station,4.0,151
Ballia Railway Station,4.1,14487
Usia Khas Halt Railway Station,4.1,109
Shahbaz Kuli,4.2,49
Chhapra Junction,3.8,14584
Chhapra Kachahri Railway Station,3.8,543
Teknewas,3.6,44
Chapra Gramin Junction,3.6,519
Kopa Samhota Railway Station,3.5,99
Ambika Bhawani Railway Station,3.7,27
SUDHA CORNER,3.9,1073
Terha Halt,3.9,25
Sham Kauria Railway Station,3.9,110
Darbhanga Junction,4.1,3755
Laheriasarai Railway Satation,3.8,1368
Haiaghat railway Station,3.9,236
Kamtaul Railway Station,4.0,118
Muria Railway Station,3.5,49
Sakri Railway Station,4.0,452
Madhubani Railway Station,4.3,7454
Mandan Mishra Railway Station,4.3,33
Badhauna Railway Station,3.9,53
Fateha Railway Station,3.8,24
Gaya Station,4.0,14274
Guraru Railway Station,4.0,290
Manpur Junction,3.6,193
Kolhana Halt Railway Station,3.6,7
Sarsu Halt Railway Station,3.6,6
Ore Halt Railway Station,3.5,6
Barabar Railway Station,4.1,20
Makhdumpur Railway Station,3.7,227
Tehta Railway Station,4.2,168
Narhat Railway Station,4.3,3
Hajipur Junction,4.1,2455
Fatehpur Harauli Railway Station,3.9,183
Sarai Railway Station,3.5,465
Vaishali Railway Station,4.1,7
Rajendra Nagar Railway Station,4.2,73
Bharpura Pahleza Ghat Railway Station,3.6,323
Patna Sahib Railway Station,4.1,7112
Zero Mile Metro Station,3.0,1
Patna Railway Station,4.2,30751
Barh Railway Station,3.8,151
Jamalpur Junction,4.0,2193
Dharhara Railway Station,3.9,979
Munger Railway Station,4.0,58
Khagaria Junction Railway Station,3.9,1373
Olapur Railway Station,3.9,45
Mansi Junction,4.0,429
Barsoi Railway Station,3.8,4686
Katihar Junction,4.1,3388
Karhagola Road Railway Station,4.1,201
Manihari Railway Station,4.1,154
Telta Railway Station,3.5,54
Sanjay Gram Sitalpur,3.8,16
Ranipatra Railway Station,3.9,37
Purnea Railway Station,4.1,815
Purnia Jn,3.7,115
Kumedpur Junction,4.1,222
Ghoghardiha Railway Station,4.0,697
Nemua Halt Railway Station,4.0,58
Tamuria Railway Station,4.3,52
Mithila Deep Railway Station,3.6,53
Rajanagar Railway Station,4.2,33
Laukaha Bazar Railway Station,4.0,32
Jaynagar Railway Station,3.6,27
Bapudham Railway Station,4.1,4139
Ghorasahan Railway Station,4.0,476
Kundwa Chainpur Railway Station,3.9,61
Pachpokharia,3.9,13
Raxaul Railway Station,3.8,3720
Sahebganj Railway Station,3.8,55
Dhang Railway Station,4.2,73
Muzaffarpur Junction,3.9,14516
Dholi Railway Station,4.1,559
Silaut Railway Station,3.7,247
Siho Railway Station,3.9,67
Paramjeevar Tarajeevar Railway Station,3.9,40
Vishnupur Bathua Railway Station,4.0,36
Patliputra Railway Station,4.0,47613
Bakhtiyarpur Railway Station,3.7,9849
Fatuha Junction,3.6,3494
Mokama Railway Station,3.9,1881
Parsa Bazar Railway Station,3.8,1816
Hathidah Junction,3.9,902
Nadaul Railway Station,3.8,418
Athmalgola Raiway Station,3.5,263
Harpatti Halt Railway Station,3.8,32
Dalkhola Railway Station,3.8,76
Arariya Court Railway Station,3.6,130
Surjakamal Railway Station,3.8,15
Saharsa Railway Station,4.0,6539
Saharsa Kachahri Railway Station,4.0,75
Karukhirhar Nagar Halt Railway Station,3.8,50
Nandlali Halt Railway Station,3.0,1
Garh Baruari Railway Station,3.9,56
Madhepura Railway Station,3.8,117
Bina Ekma Halt,4.8,2
Ekma Railway Station,3.7,2529
Supaul Railway Station,4.0,352
Murliganj Railway Station,4.0,150
Samastipur Railway Station,4.2,8059
Dalsinghsarai Railway Station,3.9,878
Dalsingh Sarai,4.1,381
Shahpur Patori Railway Station,4.0,291
Rusera Ghat Railway Station,3.9,291
Belari Railway Station,3.8,180
Angar Ghat Railway Station,3.8,162
Nayanagar Railway Station,4.1,131
Mohiuddinnagar Railway Station,4.0,126
Sasaram Railway Station,4.1,4783
Dehri On Sone Railway Station,3.9,11141
Mani Railway Station,3.7,31
Son Nagar Junction,3.7,112
Kudra Railway Station,4.1,60
Kudra,3.9,200
Ankorha Railway Station,3.8,32
Anugrah Narayan Road Railway Station,4.0,360
Pusauli Railway Station,4.0,10
Deoria Kurhma Naresh Halt,2.7,8
Sitamarhi Railway Station,4.0,1088
Riga Railway Station,3.8,85
Bhisa Halt,3.8,28
Bachharpur Halt,3.8,22
Siwan Junction,4.0,2003
Duraundha Junction,3.8,197
Amlori Sarsar Railway Station,4.4,90
Hathua Junction,3.9,84
Thawe Junction,4.1,1270
Chainwa Railway Station,3.7,169
Mahendranath Railway Station,3.6,43
Sasa Musa Railway Station,3.9,409
Jalalpur Railway Station,4.1,31
Bhatpar Rani Railway Station,3.7,1660
Chandigarh Railway Station,4.3,14625
Sas Nagar Mohali Railway Station,4.3,2164
Chandi Mandir Railway Station,4.1,364
Kurali Railway Station,3.6,324
Kharar Railway Station,4.3,6
Kalka Railway Station,4.2,2413
Gumman,4.1,31
Morinda Junction Railway Station,3.5,618
Rajpura Railway Station,3.8,1839
Kumarhatti Dagshai,4.3,72
Ambikapur Railway Station,4.2,399
Baikunthpur Road Railway Station,3.8,47
Korba Railway Station,3.6,3179
Bijuri Railway Station,3.8,783
Baihatola Railway Station,3.9,33
Kotma Railway Station,3.9,47
Barwadih Railway Station,3.9,129
Robertson Railway Station,3.3,260
Anpara Railway Station,3.4,265
Bhupdeopur Railway Station,3.1,19
Bhilai Power House Railway Station,4.1,2734
Marauda Railway Station,4.1,86
Bhilai Nagar Railway Station,3.9,436
Bhilai G Cabin Railway Station,3.6,16
Durg Railway Station,4.0,9151
Devbaloda Charoda Railway Station,4.4,65
Balod Railway Station,4.1,60
Raipur Railway Station,4.2,12352
R-V Block Hut,3.4,26
Dhamtari Railway Station,3.7,25
Abhanpur Railway Station,3.4,23
Rajnandgaon Railway Station,4.0,288
Motipur Railway Station,2.6,24
Jagdalpur Railway Enquiry,3.7,1045
Kotpar Road Railway Station,3.9,23
Jaipur Railway Station,3.7,1207
Dantewara Railway Station,3.4,71
Koraput Railway Station,4.1,2536
Bacheli Railway Station,4.0,2
Junagarh Railway Station,3.0,2
Bagwada Railway Station,3.5,2
Vapi Railway Station,4.0,40066
Karambeli Railway Station,4.1,19
Bhilad Railway Station,3.6,552
Valsad Railway Station,4.2,11717
Umbergaon Railway Station,4.1,7757
Navsari Railway Station,4.2,11617
Dahanu Road Railway Station,4.2,2907
Vedchha Railway Station,3.7,297
Vangon Railway Station,3.9,858
Una Railway Station,3.7,7
Railway Station,4.0,459
Talala Railway Station,4.2,30
Somnath Railway Station,4.4,1559
Sasan Gir Railway Station,4.4,33
Veraval Junction,4.2,504
Dhari Junction,4.1,83
Savarkundla Railway Station,4.2,688
Chalala Railway Station,5.0,3
Chorvad Road Railway Station,4.0,18
Boisar Railway Station,3.8,9851
Anand Vihar Terminal Railway Station,4.1,89107
Old Delhi Railway Station,4.1,58090
Hazrat Nizamuddin Railway Station,3.8,56806
Ghaziabad Railway Station,3.8,33663
Delhi Cantt Railway Station,4.3,25271
Gurgaon Railway Station,4.1,11245
Sarai Rohilla Railway Station,3.9,8901
Ballabgarh Railway Station,3.8,8202
New Delhi Railway Station,4.0,6567
Sabzi Mandi Railway Station,3.5,4417
Amreli Railway Station,4.4,420
Damnagar Railway Station,4.0,136
Lathi Railway Station,4.5,60
Liliya Mota Railway Station,4.3,16
Kunkavav Railway Station,4.9,9
Dhasa Junction,4.7,7
Dhola Railway Station,4.5,40
Bharuch Junction,4.1,6320
Ankleshwar Railway Station,4.1,4092
Kosamba Junction,4.0,231
Lakodra Dethan Railway Station,3.8,33
Karjan Railway Station,4.0,624
Makarpura Railway Station,4.1,276
Varachha Railway Station,4.0,10
Surat Railway Station,4.1,3982
Dabhoi Junction,4.1,119
Atladara Railway Station,3.6,29
Botad Railway Station,4.4,1512
Songadh Railway Station,4.2,989
Palitana Railway Station,4.1,553
Mahuva Railway Station,4.2,475
Sihor Railway Station,4.2,228
Budhel Railway Station,3.0,10
Bajud Railway Station,4.4,5
Bhuj Railway Station,4.2,7476
Sukhpar Railway Station,4.0,17
Anjar Railway Station,3.7,59
Adipur Railway Station,3.8,414
Shiv Dhara Nagar,3.9,11
Gandhidham Roh Depot,4.2,29
Padana Railway Station,3.7,16
Bhachau Railway Station,4.2,683
Sikka Railway Station,3.4,14
Jamnagar Railway Station,4.3,4130
Godhra Junction,4.0,1415
Piplod Railway Station,3.6,32
Samlaya Junction,3.7,21
Pavi Jetpur Railway Station,3.4,13
Chhayapuri Railway Station,4.1,419
Dahod Railway Station,4.0,2172
Nandesari Railway Station,4.1,17
Vasad Junction,3.9,86
Anand Railway Station,4.1,4345
Hapa Railway Station,4.0,2605
Kanalus Junction,3.9,124
Okha Madhi Railway Station,4.1,61
Jam Jodhpur Railway Station,4.0,51
Khambhalia Railway Station,4.2,187
Keshod Railway Station,4.2,1256
Junagadh Railway Station,4.3,150
Jetalsar Junction,4.2,201
Navagadh Railway Station,3.8,136
Jetpur Railway Station,4.4,45
Dhoraji Railway Station,4.3,19
Surajbari Railway Station,3.7,25
Petlad Railway Station,4.1,257
Borsad Railway Station,2.7,4
Anklav Railway Station,3.5,44
Nadiad Junction,4.2,2374
Nadiad Railway Station,4.1,1968
Lothal Bhurki Railway Station,4.3,12
Dholka Railway Station,4.8,7
Gothaj Railway Station,3.8,137
Barejadi Nandej Railway Station,4.0,296
Vatva Railway Station,4.0,247
Maninagar Railway Station,4.0,4211
Kankaria Railway Station,4.4,9
Viramgam Railway Station,3.9,3879
Wankaner Junction,4.0,663
Mahendra Para Railway Station,4.2,205
Dhanala Railway Station,4.0,29
Wankaner Bypass Cabin,4.0,5
Rajkot Junction,4.3,4521
Upleta Railway Station,5.0,4
Kothariya Railway Station,4.1,21
Dhrangadhra Junction,4.3,102
Bhestan Railway Station,3.3,877
Chalthan Railway Station,4.1,73
Udhna Chord Cabin,3.3,9
Udhna Junction,3.9,899
Bardoli Railway Station,4.3,272
Palanpur Railway Station,4.1,2695
Iqbal Gadh Railway Station,3.8,40
Deesa Railway Station,4.5,52
Sarotra Railway Station,3.3,22
Unjha Railway Station,4.1,123
Patan Railway Station,4.2,862
Abu Road Railway Station,4.1,9042
Mehsana Railway Station,4.4,3822
Raniwara Railway Station,4.2,474
Porbandar Railway Station,4.4,1544
Gondal Railway Station,4.3,92
Virpur Railway Station,5.0,4
Ukai Songadh Railway Station,4.0,41
Ambala Cantonment Railway Station,4.1,24605
Ambala City Railway Station,3.8,2102
Barara Railway Station,3.9,382
New Dukheri Railway Station,3.6,5
Dhola Mazra Railway Station,4.0,20
Patiala Cantt Railway Station,4.0,184
Bhiwani Railway Station,4.3,1007
Charkhi Dadri Railway Station,4.1,668
Garhi Railway Station,3.0,2
Jhajjar Railway Station,4.1,1924
Kila Zafargarh Railway Station,3.9,35
Mayar Railway Station,3.9,63
Rohtak Junction Railway Station,3.7,427
Nanwan Railway Station,4.0,1
Kinana Railway Station,3.0,1
Charaud Railway Station,4.0,10
Faridabad Railway Station,3.6,280
Ballabhgarh Railway Station,3.5,597
Tughlakabad Railway Station,3.8,275
Okhla Railway Station,4.1,3229
Mahrauli Railway Station,4.5,8
Lajpat Nagar Railway Station,4.0,95
Sewa Nagar Railway Station,4.0,7
Dmrc Noida Depot Control' Center,4.0,2
Bijwasan Railway Station,3.9,118
Deepak Kumar,2.9,9
Shahabad Mohammadpur,3.9,142
Basai Dhankot Railway Station,3.9,140
Shahabad Mohammadpur Railway Station,4.1,51
Palam Railway Station,3.9,3925
Garhi Harsaru Junction,4.0,187
Delhi Safdarjung,3.6,3141
Hissar Railway Station,4.3,1955
Jakhod Khera Railway Station,4.1,40
Jind Railway Station,4.3,964
Narwana Junction Railway Station,4.0,903
Narwana Railway Station,4.3,140
Butana,3.9,10
Khandrai Halt Junction Railway Station,3.9,4
Gohana Junction Railway Station,4.2,185
Kaithal Railway Station,4.0,753
Tik Railway Station,3.0,1
Kurukshetra Railway Station,4.1,4993
Dhoda Kheri Railway Station,3.6,21
Karnal Railway Station,4.2,6811
Jakhal Junction Railway Station,4.0,250
Panipat Railway Station,4.0,1071
Sabarmati Railway Station,4.0,38
Shamli Railway Station,3.8,154
Thana Bhawan Town Railway Station,4.1,559
Samalkha Railway Station,4.1,1359
Yamunanagar Railway Station,4.0,1093
Jagadhri Railway Station,4.2,866
Ganaur Railway Station,4.1,473
Rewari Railway Station,4.1,5995
Quatabpur Railway Station,3.1,26
Pataudi Road Railway Station,4.0,890
New Ateli Railway Station,4.8,4
Kanina Khas Railway Station,4.4,80
Harsoli Railway Station,4.0,265
Farrukhnagar Railway Station,4.2,154
Gudha Railway Station,4.0,2
Sultanpur Railway Station,3.7,35
Sampla Railway Station,4.0,289
Jasia Railway Station,3.0,1
Rohed Nagar Halt Railway Station,4.0,29
Asaudha Railway Station,4.1,71
Narela Railway Station,3.8,4
Holambi Kalan Railway Station,4.4,8
Baghpat Road Railway Station,4.0,458
Khera Kalan Railway Station,4.0,57
Khekra Railway Station,3.8,88
Jawanwala Shahr Railway Station,4.1,51
Harsar Dehri Railway Station,4.0,97
Kangra Mandir Railway Station,4.1,119
Kangra Railway Station,4.2,110
Nagrota Surian Railway Station,4.5,79
Pathankot Cantt Railway Station,4.0,1094
Palampur Railway Station,4.6,161
Baijnath Paprola Railway Station,4.8,44
Gurdaspur Railway Station,4.5,4
Joginder Nagar Railway Station,4.3,205
Dasuya Railway Station,3.8,158
Bilaspur Himachal Railway Station,3.6,47
Shimla Old Railway Station,4.3,197
Shimla Railway Station,4.5,1245
Nangal Dam Railway Station,4.1,441
Taradevi,4.3,72
Barog Railway Station,4.6,2274
Salogra Railway Station,4.0,50
Solan Railway Station,4.4,1109
Kandaghat Railway Station,4.2,134
Banihal Railway Station,4.1,2368
Arpinchala Railway Station,4.2,61
Srinagar Kashmir Railway Station,4.3,322
Srinagar Railway Station,4.1,29
Budgam Railway Station,4.3,70
Naidgam Railway Station,4.0,5
Sangaldan Railway Station,4.1,133
Mazhom Railway Station,4.0,284
Mazhom,4.1,70
Katra Railway Station,4.6,3939
Udhampur Railway Station,4.1,218
Bajalta Railway Station,3.8,40
Jammu Tawi Railway Station,4.0,4648
Hotel Gs,4.0,5041
Khudda Kurala Railway Station,4.5,22
Bokaro Steel City Railway Station,4.1,3789
Chandrapura Junction,3.8,574
Bokaro Thermal Railway Station,3.9,79
Gomoh Junction,4.0,1272
Nichitpur Railway Station,3.7,8
Katras Railway Station,3.5,98
Parasnath Railway Station,4.2,1552
Bhutgoria Railway Station,4.2,11
Jamadoba Halt Railway Station,3.7,44
Bhowra Railway Station,3.8,59
Dhanbad Railway Station,4.1,23027
Dhanbad Junction,4.2,280
Bhojudih Railway Station,4.0,137
Chhota Ambana Railway Station,3.7,76
Sindri Railway Station,3.7,63
Sindri Town Railway Station,4.1,54
Hansdiha Railway Station,3.9,83
Suri Railway Station,4.1,1616
Chinpai Railway Station,3.9,79
Danrae Railway Station,3.4,7
Rampurhat Railway Station,4.0,7692
Jamtara Railway Station,3.8,238
Panchra Railway Station,3.7,141
Vidyasagar Railway Station,3.9,189
Chittaranjan Railway Station,4.0,6
Madhupur Junction,4.1,1003
Hazaribagh Road Railway Station,3.9,138
Chichaki Railway Station,4.0,49
Raj Dhanwar Railway Station,3.8,38
Giridih Railway Station,4.4,27
Arjun Nagar Halt,3.8,8
Tatanagar Junction,4.3,3177
Tatanagar Railway Station,4.1,206
Adityapur Railway Station,3.6,148
Salga Jhari West Cabin Railway Station,3.4,45
Govindpur Railway,3.5,19
Gamharia Railway Station,3.7,4
Asanboni Railway Station,3.7,174
Govindpur Station,4.0,19
Kandra Railway Station,3.9,152
Chandil Junction,4.0,401
Hatia Railway Station,4.0,13586
Ranchi Railway Station,4.3,7640
Muri Junction,4.0,1489
Khelari Railway Station,3.6,422
Mesra Railway Station,4.3,15
Jhanjhitoli Halt Railway Station,4.5,4
Bhurkunda Railway Station,3.6,279
Barkakana Railway Station,4.0,574
Ramgarh Railway Station,3.9,332
Ramgarh Cantonment Railway Station,3.9,44
Badami Railway Station,3.4,79
Lakhamapur Railway Station,4.5,6
Bagalkot Railway Station,4.0,2248
Hire Shellikeri Railway Station,4.0,57
Holealur Railway Station,4.6,5
Almatti Railway Station,4.3,3
Gadag Railway Station,4.1,7248
Bhistenhatti Railway Station,3.0,3
Annigeri Railway Station,4.0,19
Sisvinhalli Railway Station,3.9,21
Toranagallu Railway Station,3.4,172
Kottur Railway Station,4.1,111
Ballari Cantonment Railway Station,3.9,56
Hagari Bommanahalli Railway Station,4.0,7
Ranjithapura Railway Station,4.0,2
Krantivira Sangolli Rayanna Railway Station,4.1,70259
Bengaluru City Junction Railway Station,4.2,32630
Yeshwanthpur Railway Station,3.9,34640
Krishnarajapuram Railway Station,3.9,20692
Banaswadi Railway Station,3.9,13959
Cantonment Railway Station,4.1,13040
Kengeri Railway Station,4.1,11347
Sir M Vishveshwaraya Terminal,4.4,9353
Karmelaram Railway Station,3.6,5321
Whitefield Railway Station,3.9,4566
Belgaum Railway Station,4.1,10135
Kudchi Railway Station,3.8,331
Konnur Railway Station,3.9,160
Ghataprabha Railway Station,4.1,73
Desur Railway Station,3.7,50
Raibag Railway Station,4.0,32
Tilakwadi 3rd Railway Gate,3.4,27
Shedbal Railway Station,4.5,4
Alnavar Railway Station,4.3,18
Bidar Railway Station,4.1,4492
Bhalki Railway Station,3.9,171
Hallikhed K Railway Station,4.1,9
Kamalnagar Railway Station,5.0,4
Zahirabad Railway Station,3.8,1277
Ravulapally Kalan Railway Station,4.0,2
Udgir Railway Station,4.2,3436
Tandur Railway Station,3.9,4443
Mahagaon Railway Station,3.6,13
Manoharabad Railway Station,3.9,52
Birur Railway Station,4.0,6147
Birur Junction Railway Station,4.0,635
Kadur Junction Railway Station,3.9,308
Chikmagalur Railway Station,4.3,85
Ajjampura Railway Station,4.0,49
Shivani Railway Station,4.3,16
Devanur Railway Station,3.9,9
Tarikere Railway Station,4.5,1
Sakleshpur Railway Station,4.2,1672
Donigal Railway Station,4.4,85
Chitradurga Railway Station,3.6,301
Holalkere Railway Station,3.9,67
Challakere Railway Station,4.0,57
Hosadurga Road Railway Station,4.2,29
Molakalmuru Railway Station,3.8,17
Chikkajajur Railway Station,4.1,13
Davangere Railway Station,4.3,12778
Harihar Railway Station,4.0,53
Harapanahalli Railway Station,4.5,21
Siddapur Tanda Railway Station,4.4,8
Ranebennuru Railway Station,3.9,1084
Byadgi Railway Station,3.7,229
Shankaripuram Railway Station,4.0,4517
Arsikere Railway Station,4.0,1446
Channarayapatna Railway Station,4.1,982
Hirisave Railway Station,4.2,141
Shravana Belagola Railway Station,4.3,30
Holenarsipur Railway Station,3.6,32
Yadekumari Railway Station,4.5,22
Shravanabelagola Railway Station,4.7,3
Kalaburgi Railway Station,4.0,6441
Wadi Railway Station,3.9,3047
Sedam Railway Station,4.0,2471
Savalagi Railway Station,3.9,287
Halkatta Railway Station,2.6,34
Babalad Railway Station,4.2,13
Shahabad Railway Station,4.5,6
Nalwar Central Railway Station,4.2,5
Kulali Railway Station,3.7,4
Malur Railway Station,3.9,2296
Bangarapet Railway Station,4.2,2035
Bangarapet Junction Railway Station,4.3,845
Kolar Railway Station,4.1,211
Byatarayanahalli Railway Station,3.9,89
Kamasamudram Railway Station,3.9,46
Srinivasapur Railway Station,4.4,39
Marikuppam,4.3,27
Chinnakote Railway Station,4.0,4
Nandi Hills Old Railway Station,3.0,1
Mandya Railway Station,4.1,8515
Pandavapura Railway Station,4.2,1049
Maddur Railway Station,4.1,509
B G Nagar Railway Station,4.0,244
Kenanlu Railway Station,3.0,1
Nanjangud Railway Station,4.1,231
Yadavagiri Railway Station,4.4,89
Tilaknagar Railway Station,4.2,3199
Mysuru Junction,4.4,13266
Mysore Junction Railway Station,4.5,8013
Mangalore Central Railway Station,4.0,6271
Surathkal Railway Station,3.8,2631
Bantwal Railway Station,4.1,573
Kotekar Railway Station,4.1,381
Mulky Railway Station,4.0,179
Subramanya Railway Station,4.1,67
Mangalore Railway Station,3.9,55
Bunder Railway Station,3.5,31
Kulashekhara Cabin Railway Station,3.9,13
Nethravathi Cabin,4.4,9
Mysore Railway Station,4.1,322
Chamarajapuram Railway Station,3.6,28
Ashokapuram Railway Station,4.3,12
K G Koppal Railway Station,3.9,11
Sagarakatte Railway Station,3.0,4
Chiksugur Railway Station,4.0,31
Makthal Railway Station,4.1,34
Saidapur Railway Station,3.9,73
Yadgir Railway Station,2.9,4
Thangundi Central Railway Station,3.0,3
Ragigudda Railway Station,4.2,7496
Bhadravathi Railway Station,4.1,1411
Anandapuram Railway Station,4.1,587
Shimoga Railway Station,3.9,182
Talaguppa Railway Station,4.3,31
Tiptur Railway Station,3.9,2225
Kodlapura Railway Station,3.9,1457
Kunigal Railway Station,4.0,847
Kyatasandra Railway Station,4.1,136
Heggere,3.9,70
Banasandra Railway Station,3.7,3
Gubbi Railway Station,2.8,2
Yediyur Railway Station,4.5,1
Dobbspet Railway Station,3.7,105
Muddalingana Halli Halt,3.7,43
Vijayapura Railway Station,4.1,1420
Kannur Railway Station,3.8,945
Indi Road Railway Station,4.1,29
Akkalkot Railway Station,3.9,536
Hotgi Junction,4.0,282
Solapur Yard,4.2,8
Kayamkulam Railway Station,4.0,4681
Cherthala Railway Station,3.8,1980
Chengannur Railway Station,4.1,1472
Haripad Railway Station,3.7,1599
Alappuzha Railway Station,4.2,1332
Mavelikara Railway Station,3.8,1387
Thuravoor Railway Station,3.5,684
Mararikulam Railway Station,3.9,212
Ambalapuzha Railway Station,3.9,149
Cheppad Halt Railway Station,3.6,38
Bodinayakanur Railway Station,4.3,240
Kuruppanthara Railway Station,3.7,865
Nagampadam South Railway Station,4.2,4
Nagampadam Railway Station,3.8,1014
Ettumanoor Railway Station,3.8,751
Chingavanam Railway Station,3.7,159
Palakatuthazham Junction Railway Station,3.9,164
Mulanturutti Railway Station,3.7,355
Mulanthuruthy Railway Station,4.1,110
Changanacherry Railway Station,4.0,4610
Payyanur Railway Station,3.9,3086
Dharmadam Railway Station,3.4,98
Kannur South Railway Station,3.2,26
Payangadi Railway Station,4.0,12
Thalassery Railway Station,3.3,4
Mahe Railway Station,3.7,1653
Mukkali Railway Station,4.0,52
Trikarpur Railway Station,3.7,96
Mattancheri Halt Station,3.8,7
Ernakulam Junction Railway Station,4.0,51059
Ernakulam North Railway Station,3.8,37296
Ernakulam South Railway Station,4.0,2161
Ernakulam West Railway Station,4.0,2
Thrippunithura Railway Station,3.8,1216
Eddappally Railway Station,3.8,94
Aluva Railway Station,3.8,17530
Kollam Railway Station,4.1,14549
Chinnakada Railway Station,4.1,7393
Karunagappally Railway Station,3.7,2420
Punalur Railway Station,4.1,761
Kundara Railway Station,3.9,483
Kottarakara Railway Station,4.1,301
Paravur Railway Station,3.9,296
Avaneeswaram Railway Station,4.0,266
Mayyanad Railway Station,3.9,243
Perinad Railway Station,3.7,251
Tiruvalla Railway Station,3.8,5884
Feroke Railway Station,3.8,4220
Kozhikode Railway Station,4.3,3460
Vadakara Railway Station,3.9,3045
West Hill Railway Station,3.6,441
Kallai Railway Station,3.8,398
Kadalundi Railway Station,3.7,215
Tikkotti Railway Station,3.8,89
Payyoli Railway Station,3.7,83
Elathur Railway Station,3.6,58
Shornur Railway Station,3.9,31457
Ottappalam Railway Station,3.9,6681
Pattambi Railway Station,3.8,1277
Olavakkot Railway Station,4.2,978
Palakkad Town Railway Station,4.1,715
Vadanamkurushshi Halt Railway Station,3.9,180
Kollengode Railway Station,4.0,162
Vadavannur Railway Station,4.4,132
Palakkad Junction Railway Station,3.9,89
Karakkad Railway Station,3.9,54
Thampanoor Railway Station,4.2,20268
Thiruvananthapuram Central Railway Station,4.3,19236
Pettah Railway Station,3.8,4295
Thiruvananthapuram Railway Station,4.1,3397
Neyyattinkara Railway Station,3.7,1364
Kochuveli Railway Station,4.0,1237
Kazhakuttam Railway Station,3.8,564
Kadakkavoor Railway Station,3.8,395
Kaniyapuram Railway Station,3.9,246
Murukkumpuzha Railway Station,3.7,249
Thrissur Railway Station,4.0,16119
Guruvayur Railway Station,3.9,2426
Irinjalakuda Railway Station,3.6,2345
Chalakudy Railway Station,3.8,1567
Pudukad Railway Station,3.8,1024
Chalakudi Railway Station,3.6,826
Poonkunnam Railway Station,3.9,196
Ollur Railway Station,4.0,97
Kallettumkara Railway Station,3.3,87
Divine Nagar Railway Station,3.9,67
Waraseoni Railway Station,3.8,327
Katangi Railway Station,3.8,134
Kochewahi Railway Station,3.6,52
Tirodi Railway Station,3.8,48
Nagarwara,4.3,6
Paunia Railway Station,3.9,4
Gondia Railway Station,4.1,1481
Bhoma Railway Station,4.1,93
Chiraidongri Railway Station,3.8,183
Tumsar Railway Station,4.1,546
Moti Sadhli,3.0,5
Dondaicha Railway Station,4.1,232
Sindkheda Railway Station,4.1,34
Nandurbar Railway Station,4.3,622
Nahargarh Railway Station,3.5,6
Amalner Railway Station,4.3,368
Chavalkhede Railway Station,4.2,13
Saifee Nagar Railway Station,3.9,22
Bordai Railway Station,3.8,398
Maramjhiri Railway Station,3.7,184
Jaulkhera Railway Station,3.4,94
Multai Railway Station,3.0,9
Amla Railway Station,4.2,452
Morshi Railway Station,4.2,14
Mowad Railway Station,3.7,54
Jujharpur Railway Station,3.6,47
Itarasi Railway Station,3.5,286
Itarsi Railway Station,3.9,80910
Jaitpur Kalan Halt Railway Station,3.0,1
Etawah Railway Station,3.9,6012
Balrai Railway Station,3.3,56
New Ekdil Station,4.2,46
Bharthana Railway Station,4.0,370
Shikohabad Railway Station,4.1,692
Achalda Railway Station,3.8,562
Kosma Railway Station,4.1,21
Makkhanpur Railway Station,3.3,85
Fatehabad Railway Station,3.8,58
Hasan Bazar Railway Station,4.1,40
Arrah Railway Station,4.2,35
Jagjeewan Halt,3.7,37
Amarsahid Jagdeo Prasad,3.7,23
Sarvodaya Halt Railway Station,3.4,16
Bihiya Railway Station,5.0,4
Bhopal Railway Station,3.9,44942
Bairagarh Railway Station,3.7,860
Rani Kamlapati Railway Station,4.0,793
Habibganj Railway Station,4.1,175
Nishatpura Railway Station,4.0,19
Sant Hirdaram Nagar Railway Station,4.6,5
Misrod Railway Station,3.0,3
Sehore Railway Station,3.9,3363
Vidisha Railway Station,4.1,648
Kalapipal Mandi Railway Station,3.9,458
Burhanpur Railway Station,4.1,3514
Nepanagar Railway Station,3.6,279
Dongargaon Railway Station,3.5,31
Chandni Railway Station,3.5,4
Raver Railway Station,3.9,734
Savda Railway Station,3.8,145
Malkapur Railway Station,4.1,562
Gurhi Railway Station,4.1,82
Bhusawal Railway Station,4.0,15165
Nandura Railway Station,3.9,2249
Maharaja Chhatrasal Railway Station,4.0,370
Ishanagar Railway Station,3.0,1
Khajuraho Railway Station,4.1,26830
Khargapur Railway Station,5.0,3
Belatal Railway Station,3.9,38
Kulpahar Railway Station,3.7,13
Mahoba Railway Station,3.8,5234
Mauranipur Railway Station,4.0,2002
Khairar Railway Station,3.9,36
Nivari Railway Station,3.7,17
Chhindwara Railway Station,4.2,696
Umranala Railway Station,4.2,186
Khajari Railway Station,4.3,20
Saonga Railway Station,3.5,4
Umaria Isra Railway Station,3.6,3
Matradham Railway Station,4.4,8
Seoni Railway Station,4.3,9
Khapa Railway Station,3.4,7
Saoner Junction,3.9,141
Aslana,3.9,23
Ganesh Ganj Railway Station,4.0,86
Ratangaon Railway Station,3.0,5
Sagar Railway Station,3.6,11
Sihora Road Railway Station,3.9,1338
Bhitoni Railway Station,3.5,73
Gosalpur Station (Gspr),3.9,7
Adhartal Railway Station,3.6,88
Kachhpura Railway Station,3.6,78
Shridham Railway Station,3.9,157
Datia Railway Station,3.8,2380
Virangana Lakshmibai Jhansi Railway Station,4.2,8690
Khajraha Railway Station,3.4,113
Babina Railway Station,3.9,655
Sithouli Railway Station,3.5,43
Matatila Railway Station,3.3,40
Gwalior Railway Station,4.1,50223
Ghosipura Railway Station,3.3,35
Motijheel Railway Station,3.8,30
Binjana Railway Station,3.4,122
Laxmibai Nagar Railway Station,3.8,534
Dr Ambedkar Nagar Railway Station,3.8,711
Indore Railway Station,4.1,7600
Pingleshwar Railway Station,3.8,20
Ujjain Railway Station,4.1,60396
Ujjain Jn,4.1,543
Fatehabad Chandrawati Ganj Railway Station,4.1,90
Shajapur Railway Station,3.7,832
Barnagar Railway Station,3.9,1023
Ratlam Railway Station,4.0,23479
Ruthiyai Junction,3.7,207
Chachaura Railway Station,3.7,8
Shadhora Gaon Railway Station,4.0,30
Chhabra Gugor Railway Station,4.2,173
Piprai Gaon Railway Station,3.7,66
Shivpuri Railway Station,3.9,571
Bina Malkhedi Railway Station,3.5,64
Dhaura Railway Station,3.4,58
Junakhera,3.8,7
Jakhlaun Railway Station,3.9,54
Banmor,3.5,182
Morena Railway Station,3.8,6507
Kailaras Railway Station,3.6,42
Dholpur Railway Station,3.9,375
Hoshangabad Railway Station,3.8,4160
Timarni Railway Station,3.4,57
Jabalpur Railway Station,4.0,30636
Gwarighat Railway Station,3.6,160
Karakbel Railway Station,3.6,422
Dhoswas Railway Station,3.2,25
Bangrod Railway Station,3.7,37
Unhel Railway Station,3.7,3
Banda Railway Station,4.2,12
Majhagawan,4.0,98
Khandwa Railway Station,3.8,7868
Talvadiya Railway Station,3.7,74
Hiwarkhed Railway Station,3.7,8
Jalgaon Railway Station,4.1,8259
Nainpur Junction,4.3,216
Gangatola Railway Station,3.4,48
Mandsaur Railway Station,4.0,3580
Suwasra Railway Station,3.9,549
Bhawani Mandi Railway Station,4.1,487
Shamgarh Railway Station,5.0,2
Harkiyakhal Railway Station,4.5,52
Neemuch Railway Station,4.1,407
Chaumahla Railway Station,4.0,100
Vikramgarh Alot Railway Station,4.0,219
Mahidpur Road Railway Station,3.8,87
Khachrod Railway Station,3.9,226
Shamshabad Town Railway Station,4.0,580
Karaudhna Railway Station,3.9,4
Katni Murwara Railway Station,4.0,8103
Katni South Railway Station,3.4,7023
Katni Railway Station,3.9,2225
Jhukehi Railway Station,3.6,50
Amdara,4.0,59
Umaria Railway Station,4.1,1439
Maihar Railway Station,4.0,5044
Bansi Bohera Railway Station,4.4,8
Chittaurgarh Railway Station,4.3,2169
Chanderiya Railway Station,3.7,279
Kanore Railway Station,4.3,178
Kapasan Railway Station,3.8,190
Satna Railway Station,3.9,29669
Jaitwar Railway Station,3.7,98
Unchehara Railway Station,3.4,274
Gulabganj Railway Station,3.7,83
Pabai Railway Station,3.7,33
Jhalawar City Railway Station,4.2,656
Nagda Junction,4.2,1551
Rewa Railway Station,4.0,747
Dabhaura Railway Station,3.9,158
Beohari Railway Station,3.6,51
Manikpur Railway Station,3.9,14197
Vijay Sota Railway Station,3.6,37
Jeruwa Khera Railway Station,3.7,299
Khurai Railway Station,3.8,212
Sumreri Railway Station,3.3,46
Ratona Railway Station,2.9,26
Shahdol Railway Station,3.1,6
Anuppur Railway Station,3.9,734
Pendra Road Railway Station,3.8,2773
Marwasgram,4.2,53
Amli Railway Station,4.0,35
Sawai Madhopur Railway Station,4.3,2249
Devpura Railway Station,3.8,56
Kapren Railway Station,3.8,439
Sureli Railway Station,3.6,21
Gurla Junction Railway Station,3.5,191
Sogariya Railway Station,4.3,1647
Kota Railway Station,4.1,17610
Kota Yard,3.8,11
Ahmednagar Railway Station,4.2,6652
Visapur Railway Station,4.0,92
Kanhegaon Railway Station,4.1,57
Nashik Junction,4.5,6
Nimblak Railway Station,4.0,2
Dhanora Railway Station,4.0,2
Belapur Railway Station,4.4,166
Shrirampur Railway Station,4.2,275
Daund Chord Line Railway Station,3.3,8
Puntamba Railway Station,3.8,154
Akola Railway Station,4.1,8703
Murtizapur Railway Station,3.8,346
Shegaon Railway Station,4.2,6783
Jaulka Railway Station,3.9,41
Khamgaon Railway Station,4.1,31
Jalam Railway Station,4.0,66
Karanja Railway Station,3.5,32
Washim Railway Station,4.1,1435
Badnera Railway Station,4.1,4648
Amravati Railway Station,4.3,2641
Dhamangaon Railway Station,4.2,510
Chandur Railway Station,3.9,330
Pulgaon Railway Station,4.1,388
Darwha Moti Bagh Railway Station,3.8,6
Bhandara Railway Station,4.0,281
Vaishnodevi Square Metro Station,4.7,16
Itwari Railway Station,3.8,5080
Itwari Junction,3.6,370
Koradih P H Railway Station,3.5,12
Kamptee Railway Station,4.7,1105
Nagpur Railway Station,4.5,21
Sitabuldi Railway Station,4.1,55893
Dharangaon Railway Station,4.1,686
Jamner Railway Station,4.7,6
Paldhi Railway Station,4.0,64
Mhasavad Railway Station,3.3,26
Jalna Railway Station,4.2,15324
Chandrapur Railway Station,3.9,5126
Balharshah Railway Station,4.1,2052
Bhandak Railway Station,4.3,87
Nagbhir Railway Station,4.0,78
Majri Junction C-Cabin,3.9,52
Maroda Railway Station,3.6,30
Gondwana Visapur Railway Station,3.9,27
Wani Railway Station,4.7,213
Vempalli Railway Station,3.8,7
Masjid Railway Station,4.3,236
Aurangabad Railway Station,4.1,28126
Mukundwadi Halt,3.5,136
Mukundwadi Railway Station,4.5,2
Rotegaon Railway Station,4.0,218
Chalisgaon Railway Station,4.2,1305
Bhoras Budrukh,3.2,9
Dhule Railway Station,4.3,1359
Mohadi Railway Station,5.0,2
Malegaon Railway Station,4.0,26
Nandgaon Railway Station,5.0,1
Pachora Railway Station,4.1,412
Vithalwadi Railway Station,3.9,183
Shahad Railway Station,3.7,3899
Ulhasnagar Railway Station,3.7,3369
Dombivli Railway Station,4.2,1967
Thakurli Railway Station,4.0,1474
Ambivli Railway Station,3.7,2146
Kopar Railway Station,3.9,741
Ambernath Railway Station,3.9,7546
Bhiwandi Road Railway Station,3.8,1192
Kolhapur Railway Station,4.1,6708
Hatkanangle Railway Station,4.0,721
Jayasingpur Railway Station,4.0,578
Valivade Railway Station,3.5,68
Sangli Railway Station,4.2,4282
Vishram Baug Railway Station,3.5,80
Miraj Railway Station,4.3,3667
Kirloskarvadi Railway Station,4.3,144
Takari Railway Station,4.4,50
Diwan Khavati Railway Station,3.9,130
Sape Wamne Railway Station,4.2,30
Khed Railway Station,4.0,6670
Chiplun Railway Station,4.1,7755
Satara Railway Station,4.3,2826
Kamathe Railway Station,3.9,10
Mangaon Railway Station,4.0,799
Salpa Railway Station,4.3,37
Koregaon Railway Station,3.9,413
Vanaz Metro Station,4.6,2336
Manmad Railway Station,4.1,6678
Yeola Railway Station,4.0,22
Nagarsol Railway Station,3.9,576
Lasalgaon Railway Station,3.7,2092
Matheran Railway Station,4.2,526
Neral Junction,4.0,5678
Karjat Railway Station,4.0,17591
Raigad Railway Enquiry,4.0,21776
Vangani Railway Station,3.9,901
Panvel Station,3.9,306
Panvel Railway Station,4.2,4458
Kalamboli Railway Station,3.4,48
Bidadi Railway Station,4.2,62
Khandeshwar Railway Station,4.0,1527
Ajni Railway Station,4.0,10482
Shankar Nagar Metro Station,4.4,882
Vasudev Nagar Metro Station,4.4,819
Ujwal Nagar Metro Station,4.5,415
Butibori Railway Station,3.8,329
Nanded Railway Station,4.1,5186
Mudkhed Railway Station,3.7,340
Kinwat Railway Station,3.8,331
Umri Railway Station,3.9,121
Maltekdi Railway Station,3.7,103
Masjid- E-Railway Station,4.7,57
Bhokar Railway Junction,4.2,55
Bodhadi Budruk Railway Station,4.2,55
Dharmabad Railway Station,4.0,24
Basmat Railway Station,3.6,185
Nashik Road Railway Station,4.1,19659
Igatpuri Railway Station,4.2,16037
Devlali Railway Station,4.1,4090
Niphad Railway Station,4.2,379
Nashik Railway Station,4.1,23
Ankai Kila Railway Station,4.1,19
Osmanabad Railway Station,4.3,1293
Vitthalwadi Railway Station,4.1,76
Barshi Railway Station,4.3,1779
Madha Railway Station,4.1,103
Mohol Railway Station,4.0,263
Latur Railway Station,4.3,9541
Solapur Railway Station,4.3,32869
Kurduwadi Railway Station,4.0,2395
Pandharpur Railway Station,4.3,2585
Laul Railway Station,3.6,12
Bhalavni Railway Station,3.8,221
Indapur Railway Station,3.9,13
Parbhani Railway Station,3.8,3266
New Mondha Railway Station,4.2,1539
Purna Railway Station,4.1,966
Manwath Railway Station,3.7,500
Gangakhed Railway Station,3.9,186
Chondi Railway Station,4.8,46
Parli Vaijnath Railway Station,4.2,1635
Pune Railway Station,4.1,18692
Chinchwad Railway Station,4.2,7110
Pimpri Railway Station,4.2,3977
Hadapsar Railway Station,3.5,4652
Shivaji Nagar Railway Station,4.1,3915
Akurdi Railway Station,4.3,3382
Dehu Road Railway Station,4.1,1724
Uruli Kanchan Railway Station,4.0,1186
Khadki Railway Station,4.0,1136
Ratnagiri Railway Station,4.2,19564
Aravali Railway Station,4.0,472
Adavali Railway Station,4.0,359
Sangmeshwar Railway Station,4.1,77
Veravali Railway Station,4.0,30
Kharepatan Railway Station,4.1,44
Dhamner Railway Station,3.9,171
Phaltan Railway Station,4.2,118
Surawadi Railway Station,3.0,16
Karad Railway Station,4.3,2279
Walhe Railway Station,4.1,76
Jeur Railway Station,4.7,742
Parewadi Railway Station,4.1,118
Kalwa Railway Station,3.7,8394
Mulund Railway Station,4.1,306
Thane C Cabin,4.3,12
Mumbra Railway Station,3.9,2342
Airoli Railway Station,4.1,2173
Atgaon Railway Station,3.7,1578
Kanjurmarg Railway Station,3.8,7127
Rabale Railway Station,3.9,5804
Bhandup Railway Station,4.1,2400
Wardha Junction Railway Station,4.1,2252
New Sevagram Railways Station,3.8,1504
Hinganghat Railway Station,4.0,125
Khattalwada Railway Station,3.8,10
Katol Railway Station,4.0,223
Jiribam Railway Station,3.9,185
Maibang Railway Station,3.8,100
Dhansiri Junction,3.7,121
Ditokchera Railway Station,3.4,16
Dimapur Railway Station,3.8,8186
Longai Railway Station,3.0,1
Karimganj Junction,3.8,485
Suprakandi Railway Station,3.9,4
Bamuni Gaon Railway Station,4.0,50
Boko Railway Station,3.6,22
Baraigram Railway Station,3.9,79
Singra Khaliha Railway Station,4.3,3
Sairang Railway Station,3.7,102
Nalkata Railway Station,2.7,8
Ambassa Railway Station,3.9,357
Dharmanagar Railway Station,4.0,1194
Churaibari Railway Station,4.3,3
Lala Bazar Railway Station,4.1,113
Monacherra Railway Station,3.6,6
Fakuagram Railway Station,5.0,1
Sabroom Railway Station,4.1,105
Shantir Bazar Railway Station,4.0,48
Jirania Railway Station,3.9,608
Agartala Railway Station,4.2,94
Chungajan Railway Station,4.3,3
Barlongpher Railway Station,3.4,147
Lumding Junction,4.0,877
Titlagarh Junction,4.0,9645
Balangir Railway Station,4.1,382
Saintala Railway Station,3.7,148
Barpali Railway Station,3.7,649
Deobahal Railway Station,3.6,73
Lanjigarh Road Junction,3.2,4
Charmal Railway Station,3.3,51
Rairakhol Railway Station,4.0,1103
Hirakud Railway Station,3.7,2204
Golebazar Junction,4.1,59
Balasore Railway Station,4.1,5553
Soro Railway Station,3.8,647
Gopinathpur Nilagiri Railway Station,4.2,85
Bahanaga Bazar Railway Station,3.9,67
Sabira Railway Station,4.0,39
Sutei Badegan Railway Station,4.4,7
Betnoti Railway Station,3.9,235
Baripada Railway Station,4.2,1065
Bhanjpur Railway Station,3.9,431
Kuchai Station,3.5,17
Bhubaneswar Railway Station,4.2,70364
Retang Railway Station,3.8,193
Bhubaneshwar Railway Station,4.3,115
Siker Railway Station,3.2,8
Gopalpur Balikuda Railway Station,3.7,60
Naraj Marthapur Railway Station,3.5,422
Jatani Railway Station,4.2,1891
Cuttack Railway Station,4.2,12399
Ghantikhal Station,3.8,73
Motari Halt,4.0,23
Berhampur Railway Station,4.2,15464
Jagannathpur Railway Station,3.7,329
Rambha Railway Station,3.6,82
Chilka Railway Station,3.4,179
Nergundi Railway Station,3.6,366
Manguli Choudwar Railway Station,3.6,47
Raj Athgarh Railway Station,4.1,17
Dhenkanal Railway Station,3.8,1283
Hindol Road Railway Station,4.1,60
Shyamacharanpur Halt Railway Station,3.9,26
Naranpur Railway Station,4.0,408
Bolani Railway Station,3.3,131
Porjanpur Railway Station,3.9,62
Banspani Railway Station,3.7,63
Dangoaposi Railway Station,4.0,16
Topadihi Railway Station,4.0,5
Rakshi Railway Station,3.2,10
Jajpur Keonhar Road Railway Station,3.9,5
Budhapank Railway Station,3.1,89
Rangra Railway Station,3.2,21
Khurda Town Railway Station,4.2,50
Rayagada Railway Station,4.0,3358
Haridaspur Railway Station,3.8,193
Byree Railway Station,3.9,28
Bhatatira Railway Station,3.3,15
Mukteswar Railway Station,3.0,22
Sambalpur Railway Station,4.3,8686
Brajrajnagar Railway Station,3.9,20
Jharsuguda Road Railway Station,4.0,1696
Belpahar Railway Station,3.8,285
Jharsuguda Junction,4.0,1696
Karaikal Railway Station,4.0,31
Nagore Railway Station,3.7,121
Nagapattinam Railway Station,3.8,1224
Peralam Railway Station,4.2,25
Kizhvelur Railway Station,3.7,4
Mannampandal Railway Station,3.0,3
Tiruvarur Railway Station,4.2,87
Mayuram Town Railway Station,4.2,31
Thiruvarur Old Railway Junction,4.2,24
Thiruvarur Junction,4.1,426
Pondicherry Railway Station,4.1,2068
Villianur Railway Station,3.9,118
Tirupadirippuliyur Railway Station,5.0,2
Cuddalore Port Junction Railway Station,4.0,331
Vikravandi Railway Station,4.1,220
Villupuram Railway Station,4.0,138
Tindivanam Railway Station,3.8,764
Olakkur Railway Station,3.8,10
Teli Railway Station,3.5,2
Mambalapattu Railway Station,3.8,18
Bhalojala Halt,4.3,9
Beas Junction Railway Station,4.1,4
Pajian Railway Station,3.4,12
Lohian Khas Junction,3.9,91
Sura Nussi Railway Station,3.2,14
Tanda Urmar Railway Station,4.5,11
DAV College Jalandhar Halt Railway Station,3.7,45
Faridkot Railway Station,4.8,7
Sri Muktsar Sahib Railway Station,4.6,10
Firozpur Cant Railway Station,4.1,683
Moga Railway Station,3.8,72
Bathinda Railway Station,4.1,3276
Bhucho Mandi Railway Station,3.5,136
Theh Qalandar Railway Station,4.3,12
Mandi Dabwali Railway Station,4.2,171
Nakodar Junction Railway Station,3.9,57
Hoshiarpur Railway Station,3.6,371
Suchipind,4.0,51
Chiheru Railway Station,3.6,15
Jalandhar Cantonment Railway Station,3.7,1705
Jalandhar City Railway Station,4.1,7746
Layallpur Khalsa College Halt Railway Station,3.8,33
Phillaur Railway Station,3.8,1253
Gumtali Halt Railway Station,3.7,17
Shankar Railway Station,3.7,9
Ludhiana Railway Station,3.8,16726
Model Gram Railway Station,3.9,8029
Kila Raipur Railway Station,3.9,64
Nawanshahr Doaba Railway Station,3.8,57
Malerkotla Railway Station,3.5,3
Khanna Railway Station,3.9,535
Chhintanwala Railway Station,4.3,22
Sangrur Railway Station,3.8,116
Dhuri Railway Station,3.9,329
Sirhind Railway station,4.1,493
Fatehgarh Sahib Railway Station,3.8,36
Rupnagar Railway Station,3.9,572
Ropar Railway Station,3.7,96
National Trades,4.7,120
Ajmer Railway Station,4.1,24878
Kishangarh Railway Station,4.3,2546
Bijainagar Railway Station,3.9,1256
Nasirabad Railway Station,3.9,274
Daurai Railway Station,3.8,59
Mandavariya Railway Station,3.4,11
Lal Phatak Railway Crossing,4.1,8
Degana Railway Station,4.1,2704
Jalsu Nanak Halt Railway Station,4.0,17
Merta City Railway Station,3.8,985
Alwar Railway Station,4.2,3951
Rajgarh Railway Station,4.1,907
Khairthal Railway Station,4.1,618
Malakhera Railway Station,4.0,266
Bhajera Railway Station,3.9,89
Alwar Outer Cabin,4.5,6
Mandawar Mahuwa Road Railway Station,4.0,577
Biwai Railway Station,4.2,79
Dausa Railway Station,4.1,1225
Barmer Railway Station,4.4,967
Balotra Jn,4.2,486
Ajit Railway Station,4.0,376
Uttarlai Railway Station,3.9,251
Balotra Railway Station,3.9,28
Marwar Bhinmal Railway Station,4.1,244
Ledarmer Railway Station,4.1,25
Jalor Railway Station,4.0,591
Marwar Bagra,4.1,37
Jaisalmer Railway Station,4.2,1873
Jawai Bandh Railway Station,4.1,680
Goram Ghat Railway Station,4.6,401
Bharatpur Railway Station,4.0,8750
Bayana Railway Station,4.0,825
Deeg Railway Station,3.8,72
Kela Devi Railway Station,4.3,45
Pingora Railway Station,3.9,34
Achhnera Junction,3.8,235
Achhnera Railway Station,3.7,1434
Radhakund Railway Station,4.2,28
Mathura Railway Station,4.0,15990
Mathura Junction Railway Station,4.0,15139
Bhilwara Railway Station,4.2,10966
Lawa Sardargarh Railway Station,4.3,3
Amethi Railway Station,4.3,854
Devgarh Madriya Railway Station,3.7,37
Khamil Ghat Railway Station,4.5,16
Bikaner Railway Station,4.2,5120
Lalgarh Junction Railway Station,4.2,1163
Deshnoke Railway Station,4.2,567
Bamanwali Railway Station,3.9,62
Naal Railway Station,4.2,48
Surpura Railway Station,4.0,43
Sri Dungargarh Railway Station,4.3,33
Nagaur Railway Station,4.1,1595
Nosariya Railway Station,4.0,18
Ratangarh Railway Station,4.1,789
Jaitipur Railway Station,4.7,35
Dakaniya Talav Railway Station,3.9,974
Dakniya Talav Railway Station,3.9,867
Morak Railway Station,3.9,129
Churu Railway Station,4.2,936
Ratangarh Jn,4.1,220
Sadulpur Railway Station,4.3,170
Gugalwa Kirtan Halt Railway Station,4.2,19
Laseri Railway Station,3.9,8
Fatehpur Shekhawati Railway Station,4.4,200
Jhunjhunu Railway Station,4.4,498
Dundlodh Mukundgarh Railway Station,4.0,79
Semari Railway Station,4.4,243
Udaipur City Railway Station,4.1,5253
Ranapratapnagar Railway Station,4.2,507
Rasulpur Railway Station,3.5,6
Talod Railway Station,4.2,380
Vijapur Railway Station,3.8,24
Rakhiyal Railway Station,4.1,527
Mavli Railway Station,4.2,359
Amarpura Rathan Railway Station,4.3,2011
Pili Banga Railway Station,4.0,1593
Hanumangarh Railway Station,4.3,1320
Dabli Rathan Railway Station,4.3,50
Bhadra Railway Station,3.0,1
Suratgarh Railway Station,4.2,1981
Sri Ganganagar Railway Station,4.2,3504
Sarupsar Railway Station,3.6,44
Kalanwali Railway Station,3.9,323
Durgapura Railway Station,4.1,16535
Gandhi Nagar Railway Station,4.3,13306
Phulera Railway Station,4.2,1430
Getor Jagatpura Railway Station,4.2,994
Sanganer Railway Station,4.1,992
Dahar Ka Balaji Railway Station,4.0,451
Kanakpura Railway Station,4.0,359
Sambhar Railway Station,4.0,300
Neendar Banar Railway Station,4.4,220
Thaiyat Hamira Railway Station,3.9,23
Phalodi Railway Station,4.2,325
Tivari Railway Station,3.4,7
Mandore Railway Station,4.0,128
Nawalgarh Railway Station,4.3,790
Nim Ka Thana Railway Station,4.3,501
Sikar Railway Station,4.3,13421
Jodhpur Railway Station,4.4,53106
Bhagat Ki Kothi Railway Station,4.2,1140
Basni Railway Station,4.1,711
Raikabag Palace Railway Station,4.4,114
Mahamandir Railway Station,4.2,70
Sojat Road Railway Station,5.0,2
Naya Kharadia Railway Station,3.7,26
Merta Road Railway Station,4.2,1500
Ren Railway Station,4.4,138
Gotan Railway Station,4.3,192
Makrana Railway Station,4.0,418
Khunkhuna Railway Station,4.1,301
Pali Marwar Railway Station,4.1,70
Falna Railway Station,4.1,26
Arniya Kalan Salempura,4.6,5
Banskho Railway Station,3.7,72
Shri Mahabirji Railway Station,4.3,357
Ringas Railway Station,4.2,2395
Shri Madhopur Railway Station,4.3,49
Pachar Malikpura Railway Station,4.1,25
Sirohi Road Railway Station,4.0,82
Keshavganj Railway Station,4.1,14
Hodal Railway Station,3.4,7
Sonada Railway Station,3.8,112
Chattarhat Railway Station,3.5,51
Darjeeling Himalayan Railway Station,4.2,137
New Mal Railway Station,4.1,206
Damdim Railway Station,4.0,18
Chalsa Railway Station,4.0,444
Mal Bazar Railway Station,3.9,40
Tindharia Railway Station,4.3,26
Gayabari Railway Station,4.4,59
Rongtong Railway Station,4.5,384
Carron Railway Station,3.3,17
Sholinghur Railway Station,3.8,652
Arakkonam Railway Station,3.9,757
Kanchipuram Railway Station,4.1,30
Gudiyattam Railway Station,3.9,58
Arakonam Railway Station,4.1,129
Tiruvalangadu Railway Station,4.0,1203
Chengalpattu Railway Station,4.0,4168
Potheri Railway Station,3.9,432
Guduvancherry Railway Station,3.8,247
Maraimalainagar Railway Station,3.7,38
Padalam Railway Station,3.6,26
Walajabad Railway Station,4.0,141
Vandalur Railway Station,4.0,2
Tambaram Railway Station,4.1,8683
Mahalakshmi Nagar Railway Station,4.1,15
Melmaruvathur Railway Station,3.6,6
Puratchi Thalaivar Dr. M G Ramachandran Central Railway Station,4.2,49279
Chennai Beach Railway Station,4.1,11428
Mambalam Railway Station,4.1,8949
Avadi Railway Station,4.0,5333
Velachery Railway Station,4.0,4472
Thiruvanmiyur Railway Station,3.9,1863
Thirumayilai Railway Station,3.9,1190
Perambur Loco Works Railway Station,4.2,951
Gummidipoondi Railway Station,3.8,1045
Chidambaram Railway Station,4.0,1419
Sirkazhi Railway Station,3.8,638
Kurinjipadi Railway Station,4.0,27
Vaitheeswaran Koil Railway Station,4.2,5
Mayiladuthurai Railway Station,4.1,996
Vriddhachalam Railway Station,4.0,96
Coimbatore Junction Railway Station,4.1,37417
Mettupalayam Railway Station,4.4,3676
Podanur Railway Station,3.9,453
Thudiyalur Railway Station,4.3,143
Irugur Railway Station,3.6,91
Kallar Railway Station,4.3,55
Adderley,4.1,6
Perianaicken Palayam Railway Station,5.0,1
Hillgrove Railway Station,4.4,573
Dharmapuri Railway Station,4.1,788
Bommidi Railway Station,4.0,641
Dharmapuri Junction Railway Station,4.1,352
Palacode Railway Station,3.8,5
Morappur Railway Station,4.0,2770
Karuppur Railway Station,3.9,21
Kakangarai Railway Station,4.0,32
Salem Railway Station,4.2,11978
Mettur Dam Railway Station,3.8,10
Salem Jn,4.2,563
Dindigul Railway Station,4.1,16327
Kodaikanal Road Railway Station,3.6,1178
Dindigul Jn,3.9,156
Sholavandan Railway Station,4.0,9
Kudal Nagar Railway Station,3.7,82
Palani Railway Station,4.1,9496
Madurai Railway Station,4.2,3485
King Traders,5.0,1
Thiruparankundram Railway Station,3.9,204
Vangal Railway Station,4.3,11
Erode Railway Station,4.1,5545
Erode Junction Railway Station,4.1,2445
Kodumudi Railway Station,3.8,90
Perundurai Railway Station,3.0,1
Magudanchavadi Railway Station,4.7,28
Tirupur Railway Station,3.9,10301
Namakkal Railway Station,3.8,578
Udumalaippettai Railway Station,4.2,150
Pollachi Railway Station,3.8,197
Aduthurai Railway Station,3.9,194
Kumbakonam Railway Station,4.0,167
Papanasam Railway Station,3.5,4
Nidamangalam Railway Station,3.4,184
Saliamangalam Railway Station,5.0,1
Mariamman Kovil Railway Station,3.5,6
Mannargudi Railway Station,3.0,2
Sivaganga Railway Station,4.7,8
Manamadurai Railway Station,3.9,1404
Aruppukottai Railway Station,5.0,2
Nagercoil Railway Station,4.0,8231
Aralvaymoli Railway Station,3.9,354
Kanyakumari Railway Station,4.1,810
Palliyadi Railway Station,3.8,39
Panakudi Railway Station,4.1,60
Kuzhuthurai Railway Station,3.6,70
Valliyur Railway Station,4.0,2723
Madhu Parassala Railway Station,3.5,2
Parassala Railway Station,2.8,3
Pudukkottai Railway Station,4.0,868
Arantangi Railway Station,4.1,277
Karaikudi Railway Station,4.1,962
Devakottai Road Railway Station,3.8,89
Sub Registarar Office,4.2,6
Ponmalai Railway Station,4.0,178
Ponmalai Golden Rock Station,3.9,77
Demu Shed Railway Station,3.0,3
Trichy Railway Station,4.3,31695
Pattukottai Railway Station,3.0,2
Mandapam Camp Railway Station,3.4,2774
Ramanathapuram Railway Station,3.8,101
Rameswaram Railway Station,4.2,1817
Tuticorin Railway Station,4.2,4
Attur Railway Station,4.1,296
Valappadi G Halt Railway Station,3.9,48
Padma Railway Station,3.6,51
Sangagiri Railway Station,5.0,1
Thanjavur Junction Railway Station,4.3,988
Thanjavur Junction,4.2,207
Adirampattinam Railway Station,4.3,37
Lalgudi Railway Station,3.4,11
Tirunelveli Railway Station,4.2,11088
Gangaikondan Railway Station,4.4,84
Kizhapuliyur Railway Station,4.3,52
Tirunelveli Town Railway Station,4.3,41
Ravanasamudram Railway Station,3.6,19
Azhwarkurichi Railway Station,4.1,10
Sankarankovil Railway Station,5.0,4
Thoothukudi Railway Station,4.1,95
Tuticorin Melur Railway Station,4.1,26
Thathankulam Railway Station,2.9,8
Tiruchendur Railway Station,3.9,7
Kadambur Railway Station,4.1,205
Kovilpatti Railway Station,4.0,43
Jolarpettai Railway Station,4.0,24848
Vaniyambadi Railway Station,4.0,895
Kacheguda Railway Station,4.2,43177
Secunderabad Railway Station,4.0,22710
Sanjeevaiah Park Railway Station,4.1,19868
Lingampalli Railway Station,4.0,14201
Hyderabad Railway Station,4.2,13230
Malkajgiri Railway Station,4.1,8552
Umdanagar Railway Station,3.9,2399
Hitech City Railway Station,4.0,2175
Malakpet Railway Station,3.9,2152
Borabanda Railway Station,3.7,1928
Karimnagar Railway Station,3.9,209
Bisugir Sharif Railway Station,4.2,54
Sultanabad Railway Station,3.3,8
Pudur Railway Station,4.0,2
Kolanoor Railway Station,4.0,69
Peddapalli Railway Station,3.8,1548
Jagtial Railway Station,3.9,7
Ramagundam Railway Station,3.9,181
Hasanparti Road Railway Station,3.9,22
Mancherial Railway Station,4.2,1064
Khammam Railway Station,3.9,1441
Bonakalu Railway Station,4.0,71
Kothagudem Railway Station,3.5,65
Chandrugonda Railway Station,4.4,9
Dornakal Railway Station,4.2,65
Jaggayyapet Town Railway Station,3.3,86
Mahbubabad Railway Station,4.0,1498
Kesamudram Railway Station,3.9,1551
Bhadrachalam Road Railway Station,4.1,247
Nekkonda Railway Station,4.2,453
Nizamabad Railway Station,4.0,9423
Tippapur Railway Station,4.1,27
Bodhan Railway Station,3.5,25
Ali Sagar,3.4,20
Talmandla Railway Station,4.1,13
Bhiknur Railway Station,3.3,4
Nirmal Railway Station,4.2,404
Basar Railway Station,4.2,2873
Kamareddi Railway Station,4.0,1241
Warangal Railway Station,4.1,32170
Kazipet Junction Railway Station,4.1,3066
Ghanpur Railway Station,4.0,374
Pindial Railway Station,3.7,163
Nashkal Railway Station,3.3,142
Agra Railway Station,4.0,61349
Raja Ki Mandi Railway Station,3.7,3444
Agra Cantt Railway Station,4.0,2446
Bichpuri Railway Station,3.8,990
Etmadpur Railway Station,3.9,172
Yamuna Bridge Railway Station,3.7,151
Runkuta Railway Station,3.8,130
Aligarh Railway Station,4.0,10019
Bijnor Railway Station,4.8,43
Daud Khan,3.6,52
Rati Ka Nagla Railway Station,3.8,44
Hathras City Railway Station,4.0,1589
Dibai,3.9,48
Sikandarpur Railway Station,4.1,68
Pora Railway Station,3.5,39
Khurja Railway Station,4.0,346
Marhara Railway Station,4.0,421
Amroha Railway Station,4.0,412
Gajraula Railway Station,3.8,347
Mandi Dhanaura Railway Station,3.9,120
Kafurpur Railway Station,3.6,35
Sherpur Railway Station,3.6,6
Chandpur Siau Halt Railway Station,3.9,59
Lodhipur Bishanpur Railway Station,3.9,10
Mewa Nawada,4.1,33
Sambhal Railway Station,4.5,1
Moradabad Mb,4.0,2649
Ayodhya Dham Railway Station,4.1,19677
Faizabad Railway Station,4.0,2993
Goshainganj Railway Station,3.9,199
Rudauli Railway Station,3.6,161
Sohawal Railway Station,3.8,116
Acharya Narendra Dev Nagar Railway Station,3.6,105
Katra Railway Stations,4.0,898
Mankapur Railway Station,4.1,30
Jhilahi Railway Station,3.5,127
Maskanwa Railway Station,3.8,1502
Azamgarh Railway Station,3.9,7507
Sathiyan Railway Station,3.7,253
Saraimeer Railway Station,4.1,122
Mohammdabad Railway Station,3.8,696
Dullahpur Railway Station,3.9,67
Pipri Dih,3.4,201
Ghosi Railway Station,4.2,109
Koapagnj Railway Station,3.2,30
Indara Railway Station,4.3,243
Jakhanian Railway Station,3.9,410
Bahraich Railway Station,3.9,1276
Ghaghara Ghat Railway Station,3.9,75
Nanpara Junction Railway Station,3.7,76
Risia Railway Station,3.4,74
Colonelganj Railway Station,3.9,204
Kasturi Railway Station,3.6,8
Intiyathok Railway Station,3.7,98
Mahmudabad Avadh Railway Station,4.0,99
Gonda Kachahri Railway Station,3.8,101
Burhwal Railway Station,3.5,340
Rasra Railway Station,4.0,336
Dal Chapra Railway Station,4.0,44
Chitrakutdham Karwi Railway Station,4.2,836
Fatehpur Railway Station,4.5,12
Kanspur Gugauli,3.7,38
Khaga Railway Station,3.8,374
Bareilly Railway Station,4.1,7686
Baheri Railway Station,4.0,414
Bhojipura Railway Station,4.0,222
Izzatnagar Railway Station,4.4,91
Pitambarpur Railway Station,3.5,10
Izzatnagar Workshop Siding,3.0,11
Basharatganj Railway Station,3.6,5
Kartauli Railway Station,3.7,4
Duganpur,3.8,11
Pilibhit Railway Station,4.1,324
Basti Railway Station,3.9,7381
Chureb,3.5,30
Khalilabad Railway Station,3.8,2629
Tanda Railway Station,3.2,48
Sahjanwa,4.1,164
Katahri Railway Station,3.6,110
Akbarpur Railway Station,3.7,5415
Sant Kabir Nagar Railway Station,4.5,2
Haldaur Railway Station,4.0,382
Nagina Railway Station,3.8,186
Dhampur Railway Station,4.2,44
Najibabad Junction Railway Station,5.0,3
Khatauli Railway Station,3.9,622
Jarauda Nara,3.6,32
Muzaffarnagar Railway Station,4.3,9
Soron Shukar Railway Station,4.2,75
Sahawar Town Railway Station,3.8,79
Chandausi Railway Station,3.9,3347
Bahjoi Railway Station,3.5,230
Kasganj Railway Station,4.1,375
Ganj Dundwara Railway Station,4.2,132
Chola Railway Station,4.1,614
Bulandshahr Railway Station,3.4,562
Fatehpur Makrandpur Railway Station,4.0,45
Dankaur Railway Station,4.0,503
Boraki Railway Station,4.0,121
Dadri Railway Station,3.9,3068
Kastla Kasmabad Halt Railway Station,3.6,30
Salempur Railway Station,3.8,3225
Lar Road Railway Station,3.7,722
Bhatni Railway Station,3.9,522
Chakia Railway Station,3.6,460
Gauri Bazar Railway Station,3.8,109
Deoria Sadar Railway Station,4.6,5
Maharajganj Railway Station,3.6,711
Chauri Chaura Railway Station,4.0,1130
Sardar Nagar Railway Station,3.1,245
Jalesar City Railway Station,4.1,46
Mainpuri Junction Railway Station,3.9,455
Bhongaon Railway Station,3.4,30
Phaphund Railway Station,4.0,1826
Idgah Railway Station,3.9,103
Idgah Agra West Cabin,3.8,9
Daulatpur Chauk Railway,3.8,9
Guldhar Railway Station,3.6,488
Chipyana Buzurg,4.0,16
Sahibabad Railway Station,3.9,1911
National Capital Region Transport Corporation,3.9,15
Maripat,3.9,1245
Vivek Vihar Railway Station,3.7,214
Ghazipur City Station,4.2,1619
Dildarnagar Railway Station,4.0,1471
Aunrihar Railway Station,3.9,369
Sadat Railway Station,3.9,113
Gonda Railway Station,3.8,4235
Gorakhpur Railway Station,3.6,5095
Campierganj Railway Station,3.8,747
Unaula Railway Station,3.6,543
Nakaha Jungle Railway Station,3.6,149
Bisalpur Railway Station,3.7,109
Bodarwar Railway Station,3.6,318
Hardoi Railway Station,4.0,833
Balamau Railway Station,3.8,430
Sandila Railway Station,3.8,383
Anjhi Shahabad Railway Station,3.9,112
Madhoganj Railway Station,3.4,9
Kannauj Railway Station,4.0,562
Ramkot Railway Station,4.1,33
Gangawapur Halt Railway Station,3.2,18
Fatehgarh Railway Station,4.1,906
Araul Makanpur Railway Station,4.1,105
Barhan Railway Station,3.8,89
Bhuteshwar Railway Station,3.9,140
Konch Railway Station,4.0,149
Kalpi Railway Stations,4.0,148
Orai Railway Station,3.6,11
Jhinjhak Railway Station,4.0,2766
Panki Dham Railway Station,3.8,1195
Jaunpur City Railway Station,3.8,2998
Janghai Junction Railway Station,3.7,2735
Badshahpur Railway Station,3.7,1462
Bhanaur,4.1,40
Nima Gopalpur Railway Station,4.2,33
Kajgaon Terhwan Railway Station,3.4,29
Barsathi Railway Station,3.8,18
Pindra Road Railway Station,4.0,44
Lalitpur Railway Station,3.8,2670
Barrajpur Railway Station,5.0,1
Farrukhabad Railway Station,4.0,10294
Safipur Railway Station,3.7,110
Mirpur Railway Station,4.0,54422
Govindpuri Railway Station,3.8,1196
Mandhana Railway Station,3.9,148
Old Kanpur Railway Station,4.1,114
Kanpur Goods Marshal,3.4,52
Chaubepur Railway Station,3.9,17
Jamundhana Kalan Railway Station,4.5,4
Charbagh Railway Station,4.3,31200
Aishbagh Railway Station,3.8,14910
Gomti Nagar Railway Station,4.0,4400
Lucknow Railway Station,4.2,3501
Badshahnagar railway station,4.0,3491
Bakshi ka talab railway station,3.9,1819
Alamnagar Railway Station,3.7,1350
Mohibullapur Railway Station,3.8,779
Lucknow City,4.0,456
Utraitia Railway Station,3.7,382
Kosi Kalan Railway Station,3.7,605
Chhata Railway Station,3.7,354
Meerut City Junction Railway Station,4.1,5036
Meerut Cantt Railway Station,4.1,2541
Sakoti Tanda Railway Station,4.0,958
Meerut City Railway Station,3.8,567
Daurala Railway Station,4.1,344
Chandsara Halt,2.8,6
Modinagar Railway Station,3.8,90
Hapur Railway Station,3.9,4696
Pilkhuwa Railway Station,4.0,245
Moradabad Railway Station,3.9,385
Rampur Railway Station,3.8,614
Sambhal Hatim Sarai Railway Station,3.0,13
Deoband Railway Station,3.8,174
Laksar Junction Railway Station,3.8,2039
Puranpur Railway Station,4.0,716
Majhola Pakarya Railway Station,4.1,61
Udaipur Kalan Halt Railway Station,3.2,4
Kichha Railway Station,3.9,163
Prayagraj Railway Station,4.1,58630
Cheoki Railway Station,3.9,5694
Subedarganj Railway Station,4.0,1892
Prayagraj Chheoki Railway Station,3.8,1782
Prayag Ghat Railway Station,4.5,1417
Prayagraj Sangam Railway Station,4.5,1417
Jhusi Railway Station,3.8,1543
Prayag Railway Station,4.4,814
Naini Railway Station,3.9,472
Sujit Palambar,3.8,96
Rudrapur Railway Station,4.0,3192
Chhatarpur Railway Station,3.7,50
Saharanpur Railway Station,3.9,16639
Tapri Railway Station,3.8,336
Pilkhani Railway Station,4.0,36
Manani Railway Station,3.4,27
Jandhera Halt,4.6,5
Iqbalpur Railway Station,3.6,40
Roorkee Railway Station,4.2,1265
Shahjahanpur Railway Station,3.9,11708
Roza Railway Station,3.8,112
Banthra Railway Station,3.4,87
Bankeganj Railway Station,3.9,214
Gola Gokarannath Railway Station,4.4,172
Mailani Baharaich,4.0,2
Sitapur Railway Station,4.0,3281
Parsehra Mal,3.0,5
Lakhimpur Railway Station,4.3,433
Koiripur Railway Station,3.8,113
Bandhua Kalan Railway Station,4.0,88
Piparpur,4.1,35
Piparpur Railway Station,4.0,14
Musafirkhana Railway Station,3.6,449
Chilbila Railway Station,3.9,239
Gauriganj Railway Station,4.1,1722
Pratapgarh Junction Railway Station,4.1,592
Varanasi Railway Station,4.1,42171
Raja Talab Railway Station,4.1,729
Lohta Railway Station,3.6,551
Babatpur Railway Station,3.8,177
Kachhwa Road Railway Station,3.8,84
Narayanpur Bazar Railway Station,3.5,69
Chandauli Majhwar Railway Station,3.8,5243
Deen Dayal Railway Station,4.1,3884
Sakaldiha Railway Station,3.8,472
Haldwani Railway Station,4.2,6260
Kathgodam Railway Station,4.3,9780
Ramnagar Railway Station,4.1,709
Tanakpur Railway Station,4.5,13
Haridwar Railway Station,4.1,10169
Jwalapur Railway Station,4.0,3
Raiwala Railway Station,5.0,1
Yog Nagri Rishikesh Railway Station,4.5,1510
Rishikesh Railway Station,4.6,2126
Doiwala Railway Station,3.8,145
Dehradun Railway Station,4.0,5119
Asansol Railway Station,4.2,13554
Raniganj Railway Station,4.0,3247
Barakar Railway Station,3.8,2529
Andal Railway Station,3.9,1722
Kajora Gram Railway Station,3.7,299
Barachak Railway Station,3.7,126
Damodar Railway Station,3.6,103
Muradi Railway Station,3.9,634
Thapar Nagar Railway Station,3.3,41
Bishnupur Railway Station,4.1,1492
Jhantipahari Railway Station,3.9,768
Bankura Railway Station,4.1,664
Chatna Railway Station,3.8,678
Ondagram Railway Station,4.0,111
Keshra Halt Station,4.4,84
Beliatore Railway Station,3.8,55
Nobanda Railway Station,3.7,38
Birshamunda Railway Station,3.7,35
Anchuri Railway Station,3.6,9
Bhyabla Railway Station,3.9,16
Bhasila Railway Station,3.9,334
Thakurnagar Railway Station,4.4,36
Guma Railway Station,4.0,721
Chandpara Railway Station,4.0,1731
Ok Service Tanespot,4.7,8
Bibhuti Bhushan Railway Station,3.9,81
Barasat Railway Station,4.0,377
Bangaon Railway Station,4.2,13043
Madhyamgram Railway Station,4.1,61
Barddhaman Railway Station,4.1,18902
Katwa Junction,4.1,11168
Shaktigarh Railway Station,4.1,1527
Mankar Railway Station,3.8,935
Masagram Junction,4.0,631
Khana Junction,3.8,597
Bhatar Railway Station,4.0,330
Dainhat Railway Station,4.2,287
Dhatrigram Railway Station,3.9,173
Pallaroad Railway Station,4.0,163
Dumdangi Railway Station,3.7,39
Siliguri Town Railway Station,3.9,214
Gulma Railway Station,4.2,603
New Jalpaiguri Railway Station,4.1,12861
Durgapur Railway Station,4.3,7318
Waria Railway Station,3.8,221
Naihati Junction,4.1,17172
Shyamnagar Railway Station,4.1,3863
Ichapur Railway Station,4.0,1817
Jalpaiguri Railway Station,4.0,2150
Jalpaiguri Road Railway Station,4.1,528
Binnaguri Railway Station,3.8,534
Raninagar Railway Station,3.8,282
Rajabhat Khawa Railway Station,4.3,125
Maynaguri Road Railway Station,4.1,67
Mujnai Railway Station,3.2,77
New Changrabandha Railway Station,3.9,44
Giri Maidan,3.9,278
Nimpura Railway Station,3.8,281
Madpur Railway Station,3.9,65
Narayangarh Railway Station,3.7,246
Banstala Railway Station,3.9,117
Belda Railway Station,3.9,139
Jhargram Railway Station,4.1,3546
Balichak Railway Station,2.8,2
Khirai Rail Station,3.9,37
Garhbeta Railway Station,4.3,228
New Cooch Behar Railway Station,4.2,1674
Mathabhanga Railway Station,4.1,315
Cooch Behar Railway Station,3.8,43
New Alipurduar Railway Station,4.1,508
New Alipurduar,4.1,850
Alipur Duar Railway Station,4.1,769
Gumanihat Railway Station,4.3,37
Garopara Railway Station,4.3,20
Gopalpur Railway Station,3.2,16
Sealdah Railway Station,4.3,98448
Kolkata Station,4.2,28079
Kolkata Railway Station,4.2,28079
Sodepur Railway Station,4.0,14576
Bidhan Nagar Railway Station,3.8,13740
Majerhat Railway Station,4.0,6614
Dakshineswar Railway Station,4.3,5572
Barrackpore Railway Station,4.1,4830
Belgharia Railway Station,3.8,3996
Krishnanagar City Railway Station,4.2,250
Amghata Railway Station,3.6,44
Badkulla Railway Station,4.1,1944
Nabadwip Dham Railway Station,4.1,9
Bhayna Railway Station,4.0,279
Muragachha Rail Station,4.1,240
Birnagar Railway Station,3.9,1196
Phulia Railway Station,3.9,166
Majhdia Railway Station,4.0,1371
Kalinarayanpur Railway Station,4.1,408
Malda Town Railway Station,4.1,32107
Old Malda Railway Station,3.9,201
Jamirghata Railway Station,3.7,160
Malahar Railway Station,3.9,82
Mahananda Bridge Railway Station,3.5,28
Muchia Railway Station,3.5,16
New Farakka Railway Station,4.1,737
Barharwa Railway Station,3.9,393
Sujnipara Railway Station,3.9,202
Digha Railway Station,4.3,15695
Mecheda Railway Station,4.2,3285
Kanthi Railway Station,4.1,1708
Henria Railway Station,3.4,78
Ashapurna Devi Railway Station,4.1,43
Azimganj Railway Station,4.0,7687
Jiaganj Railway Station,4.1,1316
Khagraghat Road Railway Station,4.0,716
Lalbagh Court Road Railway Station,4.2,262
Bhabta Railway Station,4.0,169
Sagardighi Railway Station,4.1,156
Krishnapur Railway Station,4.1,81
Jamatpur Baharan Railway Station,3.8,51
Ranaghat Railway Station,4.1,10966
Adra Railway Station,4.1,10090
Purulia Railway Station,4.1,5851
Joychandipahar Railway Station,4.3,1241
Tulin Railway Station,3.9,188
Sirjam Railway Station,3.9,81
Torang Railway Station,3.7,67
Garhdhrubeswar Rail Station,3.8,38
Radhikapur Railway Station,4.0,126
Gangarampur Rail Station,3.9,672
Payradanga Railway Station,4.0,1217
Chakdaha Railway Station,3.9,5671
Shirdi Railway Station,4.3,1897
Sainagar Shirdi Railway Station,4.3,1145
Kopargaon Railway Station,4.2,953
New Domohani Railway Station,4.2,34
